Gender,Country,treatment,work_interfere,family_history,remote_work,mental_health_consequence,benefits,Age,cluster
0,37,1,1,0,0,1,2,0.626188163366537,1
1,37,0,2,0,0,0,0,1.5741441497319646,1
1,6,0,2,0,0,1,1,-0.050923255465911185,1
1,36,1,1,1,0,2,1,-0.18634553923240083,1
1,37,0,0,0,1,1,2,-0.18634553923240083,1
1,37,0,3,1,0,1,2,0.08449902830057847,1
0,37,1,3,1,1,0,1,0.3553435958335578,1
1,6,0,0,0,1,1,1,0.8970327308995164,1
0,37,1,3,1,0,0,2,1.3032995821989852,1
1,6,0,0,0,0,1,0,-1.269723809364318,1
1,37,1,3,0,1,1,0,-0.18634553923240083,1
1,5,0,0,0,1,1,0,-0.45719010676538013,1
0,37,1,3,1,0,2,2,1.3032995821989852,1
1,37,0,0,1,0,1,0,0.4907658796000474,1
1,6,0,0,0,0,1,0,-0.7280346742983594,1
0,37,1,2,1,0,1,2,-0.45719010676538013,1
1,36,1,3,0,1,0,0,-1.269723809364318,1
1,37,1,3,0,0,0,2,-0.050923255465911185,1
1,37,0,3,1,1,1,2,1.844988717264944,1
1,37,1,3,1,0,0,2,-0.45719010676538013,1
1,37,0,0,0,1,1,1,-0.18634553923240083,1
1,37,1,1,0,1,0,2,1.844988717264944,1
1,37,1,0,0,0,0,0,1.1678772984324957,1
1,37,1,2,1,0,1,2,0.08449902830057847,1
1,37,1,3,1,0,2,2,0.3553435958335578,1
0,37,1,2,1,1,1,2,0.3553435958335578,1
1,37,1,3,0,1,1,0,0.2199213120670681,1
1,36,0,3,0,0,2,1,0.626188163366537,1
1,36,0,0,0,1,2,1,-0.050923255465911185,1
1,37,0,2,1,1,2,1,-0.18634553923240083,-1
1,36,1,3,1,1,0,0,-0.3217678229988905,1
1,37,1,3,1,1,0,2,1.3032995821989852,1
0,37,1,3,0,0,0,2,1.032455014666006,1
1,37,1,2,0,0,1,1,-0.7280346742983594,1
1,6,0,2,0,0,2,1,-0.45719010676538013,1
1,37,1,2,0,1,1,2,0.3553435958335578,1
1,36,1,3,0,0,0,1,-1.1343015255978284,1
1,6,1,3,1,0,0,1,-0.7280346742983594,1
1,24,0,1,0,0,2,1,-1.9468352281967662,-1
1,37,1,3,0,0,1,0,-0.3217678229988905,1
0,37,1,3,1,0,1,2,0.7616104471330267,1
1,6,0,3,0,0,1,1,-0.8634569580648491,1
1,37,1,2,1,0,0,2,-0.3217678229988905,1
1,37,1,1,1,0,0,1,-1.4051460931308077,1
1,37,0,0,0,1,0,0,-0.050923255465911185,1
1,37,1,2,1,0,0,2,-0.7280346742983594,1
1,37,1,3,1,1,1,0,-1.1343015255978284,1
1,6,1,1,1,1,2,0,0.08449902830057847,1
1,37,1,3,1,0,2,2,1.5741441497319646,1
0,27,1,3,0,1,1,0,-0.8634569580648491,1
1,36,0,0,0,0,1,2,-0.7280346742983594,1
1,6,0,3,0,0,1,0,0.3553435958335578,1
1,37,0,3,1,1,2,2,1.032455014666006,1
0,0,1,1,1,1,1,1,-1.269723809364318,-1
1,37,0,3,0,1,0,2,0.4907658796000474,1
1,37,0,2,0,1,0,1,0.2199213120670681,1
1,13,0,0,0,0,0,1,-0.5926123905318698,1
1,6,0,0,0,0,1,0,0.2199213120670681,1
1,37,0,0,0,0,0,0,0.08449902830057847,1
1,37,0,3,1,1,1,1,-0.18634553923240083,1
1,37,1,3,1,1,2,1,-0.050923255465911185,1
1,15,0,0,0,1,1,0,-0.5926123905318698,1
1,37,0,3,1,1,1,2,0.7616104471330267,1
1,36,0,0,0,0,1,2,-1.269723809364318,1
1,6,0,0,0,0,1,1,-0.3217678229988905,1
1,37,0,0,1,0,2,1,0.08449902830057847,1
1,36,1,1,0,0,0,1,0.8970327308995164,1
0,37,1,2,1,1,2,2,0.2199213120670681,1
0,37,1,3,0,0,0,2,-0.45719010676538013,1
1,37,0,0,0,0,1,2,-0.18634553923240083,1
1,37,1,3,0,0,1,1,1.032455014666006,1
0,6,1,3,0,0,0,2,-0.9988792418313387,1
1,37,0,0,0,0,1,0,-0.45719010676538013,1
1,37,0,2,1,0,0,0,-1.1343015255978284,1
1,22,1,3,1,0,1,0,-0.18634553923240083,1
1,37,1,1,0,0,1,1,-0.3217678229988905,1
0,6,1,3,1,0,2,1,-0.8634569580648491,-1
0,37,0,0,0,0,0,2,1.5741441497319646,1
1,37,1,3,1,1,1,2,0.08449902830057847,1
1,37,0,0,0,0,1,2,-0.45719010676538013,1
1,37,0,2,1,0,1,2,0.3553435958335578,1
1,37,1,3,1,1,1,0,0.3553435958335578,1
1,4,1,2,1,0,0,1,-0.5926123905318698,1
1,37,0,0,1,1,0,2,0.2199213120670681,1
1,37,1,3,0,0,0,2,-0.050923255465911185,1
1,37,1,3,0,0,2,2,-1.4051460931308077,1
1,37,1,3,0,0,1,2,-0.5926123905318698,1
1,37,1,2,1,1,1,2,1.7095664334984544,1
1,37,0,0,0,0,0,2,-0.050923255465911185,1
1,36,0,0,0,0,1,0,-0.8634569580648491,1
1,36,0,1,0,1,2,1,-1.5405683768972973,-1
1,6,0,2,0,0,0,2,-0.7280346742983594,1
1,37,1,2,0,1,1,1,-1.9468352281967662,1
1,37,0,0,0,0,2,2,-0.45719010676538013,1
1,37,1,3,1,1,1,0,0.08449902830057847,1
1,37,0,1,0,0,0,2,0.4907658796000474,1
1,6,1,0,0,0,0,2,-0.7280346742983594,1
1,37,0,0,1,0,2,2,-0.7280346742983594,1
1,37,1,2,0,0,2,2,-0.050923255465911185,1
1,36,0,3,1,0,0,1,-0.18634553923240083,1
1,31,1,3,0,0,2,0,-1.8114129444302767,1
1,37,1,3,1,0,0,2,0.08449902830057847,1
1,37,0,2,0,1,0,1,-0.050923255465911185,1
1,37,0,0,0,0,1,0,-0.7280346742983594,1
1,6,1,0,0,0,1,0,-1.1343015255978284,1
1,36,0,0,0,0,2,1,0.8970327308995164,1
1,36,0,0,0,0,1,0,-0.5926123905318698,1
1,37,1,1,0,0,1,2,0.8970327308995164,1
1,37,1,3,1,0,0,0,0.7616104471330267,1
1,36,1,3,0,0,2,1,0.626188163366537,1
1,37,0,0,0,1,2,0,0.3553435958335578,1
1,37,1,2,1,0,0,2,0.626188163366537,1
1,36,0,0,0,0,0,1,-1.1343015255978284,1
1,37,0,3,0,0,2,1,-1.269723809364318,1
1,18,1,2,0,0,2,1,-0.3217678229988905,-1
1,37,0,0,1,0,1,0,-0.050923255465911185,1
1,27,0,2,0,1,1,1,-0.5926123905318698,-1
1,37,0,0,0,0,1,0,0.4907658796000474,1
1,36,1,2,1,0,2,2,0.626188163366537,1
1,37,1,3,1,0,0,0,-0.9988792418313387,1
1,37,1,3,1,0,1,0,-0.7280346742983594,1
1,37,0,1,0,0,2,0,-0.8634569580648491,1
1,37,1,2,0,1,0,1,-0.7280346742983594,1
1,37,1,3,1,0,0,0,-0.9988792418313387,1
1,36,1,3,0,0,0,2,0.4907658796000474,1
0,37,1,3,1,0,2,2,-0.9988792418313387,1
1,37,0,0,0,0,1,2,-0.18634553923240083,1
1,37,0,2,1,0,0,0,-0.8634569580648491,1
0,37,1,3,1,0,1,1,0.08449902830057847,1
1,37,0,0,0,0,0,1,0.2199213120670681,1
1,18,0,3,1,0,2,1,-1.269723809364318,1
1,36,0,2,0,0,0,0,-1.1343015255978284,1
1,36,1,3,0,0,1,2,-0.8634569580648491,1
1,36,1,1,0,0,0,0,-0.18634553923240083,1
1,17,1,0,0,0,2,0,-1.4051460931308077,-1
0,6,1,3,1,0,1,2,0.2199213120670681,1
1,37,0,0,0,0,0,0,-0.18634553923240083,1
0,37,1,1,0,1,1,2,-0.050923255465911185,1
0,37,1,3,0,0,1,2,1.7095664334984544,1
1,22,0,0,0,1,0,1,-0.45719010676538013,1
0,17,0,3,0,0,0,1,-0.8634569580648491,-1
0,36,0,0,0,0,1,0,-0.5926123905318698,1
1,37,1,3,0,0,2,0,1.7095664334984544,1
1,37,1,1,1,1,2,2,1.438721865965475,1
1,36,0,3,0,0,0,0,-1.1343015255978284,1
0,37,1,0,1,0,0,2,0.3553435958335578,1
0,32,1,1,1,1,0,1,0.7616104471330267,-1
1,37,1,3,1,0,0,2,-0.5926123905318698,1
1,29,0,3,0,0,2,1,-0.5926123905318698,1
1,37,1,2,0,0,1,1,0.3553435958335578,1
0,15,0,3,0,0,2,1,-0.050923255465911185,-1
1,20,0,0,1,0,0,1,-0.18634553923240083,-1
0,37,0,0,0,1,0,0,0.3553435958335578,1
1,37,0,2,0,0,1,2,-0.8634569580648491,1
1,36,1,3,1,0,0,0,-0.5926123905318698,1
0,37,1,3,1,0,1,2,-0.7280346742983594,1
0,37,1,3,0,0,0,2,0.2199213120670681,1
1,37,1,1,0,1,0,1,1.1678772984324957,1
1,18,0,3,0,0,2,1,0.626188163366537,1
1,36,1,3,1,1,2,0,-0.050923255465911185,1
1,6,1,3,0,1,1,1,-1.5405683768972973,1
1,37,1,1,0,0,0,1,-0.3217678229988905,1
1,37,0,0,0,0,1,0,-1.1343015255978284,1
1,36,0,3,1,0,2,1,0.626188163366537,1
1,36,1,1,0,1,2,1,-0.8634569580648491,1
0,37,1,3,1,0,2,0,-0.050923255465911185,1
0,37,1,3,0,0,1,2,-0.050923255465911185,1
0,37,1,3,1,1,1,1,-0.7280346742983594,1
1,15,1,1,0,1,1,2,-0.3217678229988905,-1
0,37,1,0,0,0,0,2,-0.45719010676538013,1
1,37,0,2,0,0,1,0,-0.5926123905318698,1
1,37,1,3,0,0,2,1,-0.5926123905318698,1
1,37,0,0,0,0,1,0,-1.269723809364318,1
1,37,0,2,0,1,1,1,-0.050923255465911185,1
1,0,0,3,0,1,2,0,0.2199213120670681,1
1,37,0,0,0,0,0,2,-1.1343015255978284,1
1,36,1,3,0,0,0,1,-0.8634569580648491,1
1,37,1,3,0,0,0,2,0.4907658796000474,1
1,37,1,2,0,1,0,2,1.1678772984324957,1
1,36,1,3,0,0,2,0,0.7616104471330267,1
1,37,0,3,0,1,0,0,0.7616104471330267,1
1,36,0,0,0,0,2,1,-0.9988792418313387,1
1,6,1,1,1,0,0,2,0.626188163366537,1
0,37,1,3,1,0,1,2,0.626188163366537,1
0,6,1,3,1,0,1,2,-0.5926123905318698,1
1,37,1,3,1,0,0,1,0.2199213120670681,1
1,37,1,3,1,0,1,2,0.08449902830057847,1
1,37,0,0,0,1,1,2,-0.7280346742983594,1
1,37,1,3,0,1,2,2,1.032455014666006,1
1,37,1,1,0,0,0,0,-1.5405683768972973,1
1,37,1,3,1,1,0,1,-0.050923255465911185,1
0,37,1,2,1,1,0,2,-0.45719010676538013,1
1,37,1,3,1,1,0,0,-1.269723809364318,1
1,37,1,2,1,1,1,2,-0.18634553923240083,1
1,37,0,3,0,0,1,0,-1.1343015255978284,1
1,6,0,1,0,0,2,1,-0.45719010676538013,1
0,36,1,3,0,0,0,0,-1.269723809364318,1
1,37,0,0,0,1,1,1,1.3032995821989852,1
1,0,1,1,1,0,2,1,-0.9988792418313387,1
0,37,1,2,0,0,0,2,-0.7280346742983594,1
1,6,0,3,0,1,2,1,-0.7280346742983594,1
1,37,1,3,0,1,1,2,-0.3217678229988905,1
1,27,1,2,1,0,0,1,-0.45719010676538013,-1
1,37,1,3,0,1,1,2,1.1678772984324957,1
1,36,1,3,1,1,0,0,-0.050923255465911185,1
0,37,1,1,1,0,0,2,0.626188163366537,1
1,37,0,0,0,1,1,1,-0.050923255465911185,1
1,18,0,3,0,1,1,1,-0.3217678229988905,1
0,37,1,0,1,0,1,2,-1.269723809364318,1
1,36,0,3,0,0,0,1,0.2199213120670681,1
1,37,1,2,0,1,2,2,0.7616104471330267,1
1,8,0,3,0,0,0,1,-0.5926123905318698,1
1,37,1,2,0,0,0,2,-0.5926123905318698,1
1,37,0,3,1,0,0,0,-1.269723809364318,1
1,0,1,3,1,1,0,0,-1.4051460931308077,1
1,28,0,0,0,0,2,1,-0.7280346742983594,1
1,37,1,3,0,0,2,0,-1.9468352281967662,1
1,37,1,3,1,0,2,2,0.3553435958335578,1
1,36,1,3,1,0,0,1,-0.7280346742983594,1
0,37,1,2,1,0,0,2,-0.8634569580648491,1
1,37,0,0,0,0,1,0,-1.9468352281967662,1
0,37,1,3,0,0,1,1,0.7616104471330267,1
0,37,1,2,1,1,0,2,-0.8634569580648491,1
1,34,0,0,0,0,1,1,-0.3217678229988905,1
1,37,0,0,0,0,2,0,0.3553435958335578,1
1,37,1,3,1,0,0,2,1.7095664334984544,1
1,37,0,0,0,0,0,2,-0.050923255465911185,1
1,37,1,0,0,0,1,2,3.1992115549298403,1
0,37,1,3,1,0,1,2,-0.3217678229988905,1
1,37,1,3,1,0,2,2,0.08449902830057847,1
1,37,0,0,0,0,1,2,0.626188163366537,1
0,37,1,3,0,0,1,2,-1.269723809364318,1
0,37,1,3,0,0,1,2,-0.18634553923240083,1
1,37,0,2,0,0,1,2,-0.8634569580648491,1
0,37,1,1,1,1,2,2,-0.5926123905318698,1
0,37,1,2,0,0,1,2,0.626188163366537,1
1,6,1,1,1,0,0,2,-0.8634569580648491,1
1,37,0,3,0,0,0,2,-0.7280346742983594,1
1,6,1,1,0,1,2,0,-0.9988792418313387,-1
1,37,1,2,0,0,1,2,0.3553435958335578,1
1,37,1,0,0,0,0,1,0.4907658796000474,1
1,37,1,3,1,0,2,2,-0.8634569580648491,1
1,37,0,0,0,0,1,2,-0.9988792418313387,1
0,37,1,1,1,0,0,2,-1.4051460931308077,1
1,37,1,2,1,1,1,2,1.1678772984324957,1
1,37,1,3,0,0,2,2,-0.45719010676538013,1
1,37,0,0,0,0,1,2,-0.050923255465911185,1
0,37,1,3,1,0,0,2,-1.1343015255978284,1
1,37,1,2,0,0,0,2,-0.9988792418313387,1
0,37,0,0,0,0,0,2,-0.3217678229988905,1
1,37,1,3,1,0,1,0,-0.9988792418313387,1
1,37,0,0,0,1,0,1,-0.3217678229988905,1
1,15,1,2,1,0,2,1,0.08449902830057847,1
1,6,1,3,1,0,2,2,-0.9988792418313387,1
1,18,1,1,0,0,1,1,1.7095664334984544,1
1,37,0,0,0,0,1,2,1.844988717264944,1
1,36,1,3,0,0,2,0,-0.3217678229988905,1
0,37,0,3,0,0,0,2,-0.45719010676538013,1
0,37,0,3,1,1,2,1,0.08449902830057847,-1
1,37,0,3,0,0,2,0,-0.7280346742983594,1
1,36,0,2,0,1,2,0,0.08449902830057847,-1
0,37,1,3,1,0,1,2,-0.9988792418313387,1
1,37,1,3,1,0,1,0,-1.269723809364318,1
1,37,1,0,1,0,1,0,2.928366987396861,1
1,37,0,3,0,0,0,0,-1.4051460931308077,1
1,2,0,1,0,0,0,0,-0.45719010676538013,-1
1,37,1,3,0,0,1,2,-0.7280346742983594,1
1,36,0,0,0,0,1,1,-0.3217678229988905,1
1,37,1,1,1,0,0,2,-0.8634569580648491,1
0,33,0,3,1,0,1,2,-0.9988792418313387,0
1,37,1,3,0,0,1,1,-0.18634553923240083,1
1,37,1,3,1,0,0,0,0.08449902830057847,1
1,37,1,3,1,0,0,2,0.2199213120670681,1
1,37,1,3,0,1,2,1,0.2199213120670681,1
1,15,1,2,1,1,1,1,0.2199213120670681,1
1,37,1,2,1,1,0,1,-0.8634569580648491,1
1,37,1,2,1,0,1,2,-0.050923255465911185,1
1,37,1,3,1,0,0,0,-0.5926123905318698,1
1,37,1,1,1,0,1,1,0.4907658796000474,1
1,37,1,2,1,0,1,2,-1.5405683768972973,1
1,36,1,3,0,0,2,0,-1.5405683768972973,1
1,37,1,1,1,0,0,2,1.1678772984324957,1
1,37,1,2,1,0,1,2,3.0637892711633508,1
0,37,1,3,0,0,0,2,-0.050923255465911185,1
0,37,1,2,1,0,2,0,-1.5405683768972973,1
1,37,1,0,0,1,0,2,1.7095664334984544,1
0,37,1,2,0,0,2,2,-0.7280346742983594,1
0,37,1,3,1,1,0,0,-0.9988792418313387,1
0,37,1,0,1,0,0,2,-0.8634569580648491,1
1,6,1,0,0,0,1,2,1.1678772984324957,1
1,37,1,2,0,0,1,2,-0.7280346742983594,1
1,37,1,3,1,1,1,2,-0.18634553923240083,1
1,15,1,1,1,1,1,1,-0.9988792418313387,1
1,37,1,3,0,0,2,0,-0.8634569580648491,1
0,37,1,2,1,1,0,2,-0.7280346742983594,1
1,25,0,0,0,0,1,0,1.3032995821989852,1
0,37,1,3,0,0,2,0,-0.9988792418313387,1
0,33,1,2,1,0,0,2,0.08449902830057847,1
0,37,1,2,1,0,0,2,1.032455014666006,1
1,37,0,0,0,0,2,0,-0.18634553923240083,1
1,6,1,1,1,1,1,0,-0.8634569580648491,0
1,37,0,0,0,0,0,2,-0.45719010676538013,1
1,36,0,3,0,0,0,1,0.3553435958335578,1
0,37,0,0,0,0,0,0,-0.050923255465911185,1
1,6,1,3,0,0,0,0,-0.45719010676538013,1
1,37,1,1,1,0,0,2,-0.8634569580648491,1
1,37,1,3,1,0,0,2,-0.5926123905318698,1
1,37,1,3,1,0,0,2,0.3553435958335578,1
1,15,1,3,1,0,0,0,-0.45719010676538013,1
1,37,1,0,1,1,2,2,0.08449902830057847,1
1,4,0,0,0,1,1,0,-1.4051460931308077,1
1,37,1,1,1,1,2,2,0.08449902830057847,1
0,37,1,2,1,0,2,0,-0.18634553923240083,1
1,37,0,0,1,0,1,0,-1.5405683768972973,1
0,37,1,3,0,1,1,0,-0.8634569580648491,1
1,37,0,1,1,0,0,0,-0.3217678229988905,1
0,15,1,3,1,0,1,0,-0.3217678229988905,2
1,12,0,0,0,0,1,1,0.2199213120670681,1
1,37,1,3,1,1,2,1,3.0637892711633508,1
1,15,1,2,1,1,1,2,-0.5926123905318698,1
1,25,1,3,1,1,1,2,-0.5926123905318698,1
1,36,1,3,1,0,1,1,-0.050923255465911185,1
0,37,1,2,0,0,0,2,-0.5926123905318698,1
1,37,0,3,0,0,1,0,-1.5405683768972973,1
1,37,1,3,1,0,2,1,-1.1343015255978284,1
1,6,0,0,0,1,0,0,-0.5926123905318698,1
0,37,1,2,1,0,2,1,-1.1343015255978284,1
1,37,1,1,0,1,2,1,0.08449902830057847,1
1,37,0,3,0,0,0,0,0.2199213120670681,1
0,37,1,3,0,0,0,0,-0.7280346742983594,1
1,37,0,0,0,0,1,0,-0.5926123905318698,1
0,37,1,3,0,0,0,2,-1.269723809364318,1
1,37,1,2,1,1,1,2,-0.45719010676538013,1
1,36,0,3,1,0,0,1,-0.8634569580648491,1
1,37,0,2,0,1,0,2,0.4907658796000474,1
1,37,1,3,0,0,0,2,1.1678772984324957,1
1,6,1,3,1,0,1,2,-1.269723809364318,1
1,37,0,1,1,0,2,2,0.8970327308995164,1
0,37,1,3,0,0,2,2,-0.8634569580648491,1
1,37,1,2,0,0,1,2,-1.1343015255978284,1
1,6,1,2,1,0,0,2,0.626188163366537,1
1,37,1,1,1,1,1,2,1.438721865965475,1
1,37,1,1,1,0,2,2,-0.3217678229988905,1
1,37,1,3,0,0,2,0,0.2199213120670681,1
1,37,1,3,1,0,2,0,-0.7280346742983594,1
1,37,0,3,0,0,1,0,0.4907658796000474,1
1,4,0,2,0,0,0,1,-0.7280346742983594,2
1,24,0,0,1,0,2,2,0.3553435958335578,-1
1,36,0,0,0,0,0,1,-0.050923255465911185,1
0,37,0,0,0,0,0,2,0.08449902830057847,1
1,37,0,3,0,1,2,1,-0.5926123905318698,1
0,37,0,0,1,0,0,0,-0.8634569580648491,2
1,37,1,3,1,1,2,0,-0.7280346742983594,1
1,36,1,3,0,1,0,1,0.7616104471330267,1
1,37,1,2,1,0,0,2,3.33463383869633,1
1,36,1,3,0,0,2,1,-0.5926123905318698,1
1,13,0,0,0,0,0,1,-0.8634569580648491,1
0,24,1,2,0,1,2,2,1.3032995821989852,-1
1,37,1,3,0,1,1,2,-0.18634553923240083,1
1,37,1,2,0,0,0,2,3.47005612246282,1
1,37,0,3,0,0,2,0,-0.45719010676538013,1
0,36,1,3,0,0,2,2,0.8970327308995164,2
1,37,0,3,0,1,0,0,0.2199213120670681,1
1,37,1,3,0,0,0,2,3.33463383869633,1
1,15,1,3,1,0,2,1,-0.7280346742983594,1
1,15,1,1,1,1,1,0,-1.269723809364318,0
1,37,0,0,0,0,1,0,-1.269723809364318,1
1,37,1,3,0,0,2,2,1.438721865965475,1
0,36,1,3,1,1,0,0,-1.9468352281967662,1
1,37,1,2,0,0,0,2,-0.45719010676538013,1
1,37,0,0,0,0,0,0,2.1158332847979233,1
1,15,1,3,0,0,0,1,1.438721865965475,1
0,37,1,3,1,0,2,0,-0.5926123905318698,1
1,37,1,1,1,1,1,1,-0.3217678229988905,1
1,19,0,3,0,0,0,1,-0.8634569580648491,1
1,20,0,0,0,0,0,1,0.08449902830057847,1
1,37,0,2,0,0,1,0,-0.3217678229988905,1
0,37,1,3,1,1,1,1,-1.1343015255978284,1
0,37,1,1,1,0,0,2,-1.269723809364318,1
1,37,1,3,0,0,2,2,0.4907658796000474,1
0,37,1,1,1,1,2,0,-0.9988792418313387,1
1,36,1,3,0,1,1,1,2.928366987396861,1
1,24,0,2,0,0,1,0,0.2199213120670681,1
1,15,0,0,0,0,1,0,-0.9988792418313387,1
0,37,1,3,0,0,2,1,0.3553435958335578,1
1,37,1,3,0,0,0,2,1.844988717264944,1
1,37,0,0,0,0,0,2,1.3032995821989852,1
1,36,1,3,1,1,1,2,-0.050923255465911185,1
1,37,1,3,1,0,1,2,1.9804110010314335,1
0,37,1,3,0,1,1,2,0.08449902830057847,1
0,37,0,3,0,0,0,1,-0.9988792418313387,1
1,37,0,0,0,0,1,2,0.8970327308995164,1
1,37,1,3,1,0,2,2,0.7616104471330267,1
1,37,1,2,0,1,1,2,1.844988717264944,1
0,37,1,3,1,0,0,2,0.7616104471330267,1
1,15,1,3,0,0,2,2,0.08449902830057847,1
1,36,1,1,1,0,0,1,0.2199213120670681,1
1,37,0,0,0,0,0,2,4.011745257528778,1
1,3,0,2,1,1,0,0,-0.9988792418313387,-1
1,37,1,3,1,1,0,0,0.4907658796000474,1
0,37,1,2,1,1,0,2,1.1678772984324957,1
1,1,0,3,0,0,1,2,-1.1343015255978284,0
1,25,1,3,0,1,2,1,2.522100136097392,1
1,37,1,3,0,0,1,2,-0.45719010676538013,1
0,6,1,3,1,1,0,0,-0.18634553923240083,0
1,0,1,2,0,0,1,2,-0.18634553923240083,1
0,16,0,3,1,1,2,1,-0.7280346742983594,-1
1,33,0,2,0,0,1,0,-1.269723809364318,1
1,6,0,0,0,0,2,0,-1.5405683768972973,1
0,0,1,3,1,0,2,1,-0.7280346742983594,0
1,37,1,1,1,1,2,2,0.8970327308995164,1
1,37,1,0,1,0,0,0,-0.8634569580648491,1
1,36,0,0,0,0,0,0,-0.7280346742983594,1
0,37,1,3,1,0,1,2,-1.4051460931308077,1
0,37,1,1,1,0,0,0,-0.8634569580648491,1
0,37,1,2,1,0,1,2,-0.18634553923240083,1
1,36,0,0,0,0,1,0,-0.050923255465911185,1
0,37,1,1,1,1,2,2,-0.5926123905318698,1
1,36,0,0,0,1,1,0,-0.3217678229988905,1
1,37,1,3,1,0,2,2,0.4907658796000474,1
1,15,0,1,0,0,0,1,-0.3217678229988905,0
1,25,1,3,0,0,1,1,-0.050923255465911185,1
0,6,1,3,0,0,0,1,-0.45719010676538013,2
0,25,1,2,1,1,0,1,-0.7280346742983594,0
0,6,1,1,0,0,0,0,-0.050923255465911185,-1
1,0,0,3,0,0,1,2,0.2199213120670681,0
1,24,1,3,1,1,1,1,-1.4051460931308077,1
1,37,1,3,1,1,1,0,-0.7280346742983594,1
1,0,0,0,0,0,1,0,0.08449902830057847,1
1,37,1,2,0,0,1,0,0.4907658796000474,1
1,6,0,0,0,0,1,1,1.032455014666006,1
1,37,1,3,0,0,0,2,-0.5926123905318698,1
1,37,1,3,0,0,2,2,0.8970327308995164,1
1,37,1,3,0,0,1,2,-0.050923255465911185,1
1,37,0,3,1,0,0,2,-0.18634553923240083,1
1,37,1,3,1,0,0,0,0.7616104471330267,1
1,37,1,2,1,0,0,1,-1.269723809364318,1
1,37,1,1,0,0,0,2,1.3032995821989852,1
0,37,0,3,0,0,1,0,-0.7280346742983594,1
0,37,1,3,1,0,1,2,-0.8634569580648491,1
1,37,0,0,0,1,1,1,2.3866778523309025,1
1,37,0,0,1,0,1,0,0.626188163366537,1
1,37,0,3,1,1,1,0,0.08449902830057847,1
1,6,0,0,0,1,2,2,-0.45719010676538013,0
1,37,1,3,1,1,0,2,0.2199213120670681,1
1,37,1,1,1,0,0,2,1.1678772984324957,1
1,6,1,0,0,0,0,2,-0.45719010676538013,1
1,37,0,0,0,0,1,1,0.3553435958335578,1
1,30,0,3,0,1,2,1,-0.7280346742983594,1
0,37,0,0,0,0,0,0,1.032455014666006,1
1,0,1,1,0,1,0,1,-0.7280346742983594,2
0,37,0,0,0,0,0,2,-0.45719010676538013,1
1,37,1,3,1,0,0,1,-0.18634553923240083,1
1,37,1,3,0,0,1,1,1.438721865965475,1
1,37,1,3,1,1,0,2,0.2199213120670681,1
1,37,1,3,1,0,2,0,-0.45719010676538013,1
1,6,1,3,1,0,0,1,-1.8114129444302767,1
1,37,1,3,1,0,0,2,1.1678772984324957,1
1,37,0,0,1,0,1,2,-0.45719010676538013,1
1,37,0,2,0,0,1,2,-1.269723809364318,1
0,37,1,3,1,0,2,2,-1.1343015255978284,1
1,37,1,2,1,0,2,1,-0.18634553923240083,1
1,37,0,1,1,0,1,2,-0.45719010676538013,1
1,37,1,3,1,0,2,2,0.08449902830057847,1
1,37,0,3,0,0,0,1,-0.050923255465911185,1
1,37,0,3,0,1,2,0,2.3866778523309025,1
1,37,0,0,0,0,0,0,-1.1343015255978284,1
1,0,0,0,0,1,2,1,-0.7280346742983594,2
1,37,1,3,0,0,1,1,-0.050923255465911185,1
1,37,0,2,0,1,1,1,1.3032995821989852,1
1,37,0,1,0,0,0,0,0.626188163366537,1
1,30,0,3,0,0,0,0,-0.3217678229988905,1
1,37,0,2,0,0,2,2,-0.45719010676538013,1
1,37,1,1,0,1,1,1,-0.3217678229988905,1
1,37,0,0,0,0,1,2,0.3553435958335578,1
1,37,1,2,1,1,2,2,0.3553435958335578,1
1,24,0,1,1,1,0,1,0.7616104471330267,-1
1,36,1,3,1,0,1,2,-1.4051460931308077,1
1,15,0,3,1,0,1,0,-1.1343015255978284,0
1,24,0,0,0,0,1,0,-1.4051460931308077,1
0,37,1,1,0,1,0,2,-0.18634553923240083,1
0,37,1,3,1,0,2,2,-1.269723809364318,1
0,37,1,3,1,0,1,0,-0.18634553923240083,1
0,37,1,2,1,0,0,2,-0.5926123905318698,1
1,37,1,3,1,0,1,1,0.2199213120670681,1
1,6,0,3,0,1,2,1,-0.050923255465911185,1
1,37,1,3,1,1,2,2,-0.5926123905318698,1
0,36,1,3,0,0,0,1,-1.1343015255978284,1
1,37,1,2,1,0,2,2,3.1992115549298403,1
1,15,0,3,0,1,1,1,-0.18634553923240083,1
0,37,1,3,0,1,0,2,0.2199213120670681,1
1,15,1,2,0,0,1,0,0.3553435958335578,2
1,15,0,0,0,0,1,1,-0.5926123905318698,1
1,27,1,1,1,0,1,1,0.4907658796000474,1
1,36,1,1,0,0,1,1,-0.3217678229988905,1
1,21,1,3,1,1,2,1,2.251255568564413,1
0,0,1,3,1,0,2,2,-0.45719010676538013,1
1,37,0,0,0,0,2,2,3.33463383869633,1
0,2,1,2,1,0,0,2,-0.18634553923240083,1
1,18,0,0,0,0,2,1,0.626188163366537,1
1,18,1,3,1,0,0,1,-0.9988792418313387,1
1,0,0,3,0,0,1,1,-0.3217678229988905,2
0,0,0,3,1,0,1,1,-0.8634569580648491,-1
0,24,0,1,0,0,1,1,-1.4051460931308077,-1
1,37,0,2,0,1,1,0,0.8970327308995164,1
1,36,1,0,1,0,0,0,-0.45719010676538013,1
1,36,1,3,1,1,1,0,2.928366987396861,1
0,0,0,0,1,0,2,0,0.2199213120670681,-1
1,37,1,0,0,0,0,2,-0.050923255465911185,1
1,27,0,2,0,0,1,1,-0.45719010676538013,2
1,15,0,0,0,1,1,1,-0.050923255465911185,1
1,36,1,3,1,0,0,2,-0.3217678229988905,1
0,34,0,2,0,0,1,2,-1.675990660663787,-1
1,36,0,0,0,0,1,0,-0.7280346742983594,1
1,37,0,0,0,0,0,0,-0.050923255465911185,1
1,18,0,0,0,1,0,1,-0.8634569580648491,2
1,20,0,3,0,0,1,0,-0.3217678229988905,1
1,18,1,3,0,1,0,1,-0.3217678229988905,1
1,24,0,0,0,0,0,1,-0.8634569580648491,1
1,29,0,0,0,0,1,1,-0.8634569580648491,1
1,37,0,3,1,0,0,0,-1.269723809364318,1
0,19,0,0,1,0,0,0,-0.8634569580648491,-1
1,6,0,3,1,0,0,0,0.3553435958335578,1
1,37,1,3,0,1,1,0,-0.5926123905318698,1
0,37,1,2,1,0,2,0,-0.45719010676538013,1
1,37,1,1,0,1,1,2,1.7095664334984544,1
1,5,1,2,0,1,0,1,0.08449902830057847,0
1,37,1,3,0,0,1,2,0.7616104471330267,1
0,6,1,2,0,1,1,2,-0.45719010676538013,-1
0,17,1,3,1,0,2,0,-1.269723809364318,2
0,37,1,2,1,0,1,2,0.08449902830057847,1
1,37,1,3,1,0,0,2,2.251255568564413,1
0,36,1,3,0,1,1,0,-0.7280346742983594,1
1,6,1,3,0,0,0,2,-1.269723809364318,1
1,24,0,0,0,1,1,1,-0.45719010676538013,1
1,36,1,3,0,0,1,2,-0.050923255465911185,1
1,37,1,2,1,1,1,1,0.08449902830057847,1
1,37,1,3,1,0,0,2,0.626188163366537,1
1,37,1,1,0,0,1,2,-1.269723809364318,1
1,37,1,3,1,0,2,2,1.438721865965475,1
1,36,1,2,0,0,0,0,-0.050923255465911185,1
1,37,0,0,0,0,2,0,-0.8634569580648491,1
1,37,1,3,0,1,1,0,-0.050923255465911185,1
1,37,1,1,0,0,1,2,-0.45719010676538013,1
1,37,0,0,1,0,1,0,-0.3217678229988905,1
1,37,0,0,0,0,0,2,-0.45719010676538013,1
1,37,1,3,1,1,2,2,-0.050923255465911185,1
1,6,1,3,1,0,2,0,-0.3217678229988905,1
1,37,1,0,1,1,2,0,-0.9988792418313387,1
1,37,1,3,1,0,1,1,0.08449902830057847,1
1,32,0,0,0,1,1,1,-0.18634553923240083,1
1,15,0,2,0,1,0,0,-1.5405683768972973,-1
1,34,1,3,1,0,2,0,-0.3217678229988905,1
1,9,1,3,0,1,2,1,1.438721865965475,2
1,36,1,1,0,0,2,1,0.626188163366537,1
1,36,0,0,0,0,1,1,0.08449902830057847,1
1,36,1,3,0,0,0,0,0.08449902830057847,1
1,37,1,3,1,1,2,0,0.4907658796000474,1
1,0,1,3,1,0,1,1,0.626188163366537,1
1,36,1,3,0,0,1,1,0.8970327308995164,1
1,37,1,3,1,0,0,2,-0.18634553923240083,1
1,37,1,3,0,1,0,2,0.4907658796000474,1
1,37,1,3,0,1,1,0,-0.3217678229988905,1
1,37,1,2,1,0,1,2,0.3553435958335578,1
1,6,1,3,0,0,1,0,-1.8114129444302767,1
1,37,1,3,1,0,0,0,0.626188163366537,1
1,35,0,0,0,0,1,1,1.032455014666006,1
1,37,0,0,0,0,1,2,0.4907658796000474,1
0,37,1,3,1,1,0,0,-0.45719010676538013,1
0,37,1,3,1,0,0,2,0.7616104471330267,1
1,37,1,3,1,0,2,2,-0.8634569580648491,1
1,15,0,2,0,0,0,1,0.2199213120670681,2
1,37,1,1,0,0,2,1,-1.5405683768972973,1
1,6,0,3,1,1,1,1,-0.18634553923240083,0
0,37,1,2,1,0,0,2,0.626188163366537,1
1,18,1,3,1,0,1,1,0.626188163366537,1
1,18,1,3,1,0,2,1,0.7616104471330267,1
0,37,1,3,0,0,2,0,-0.7280346742983594,1
0,37,1,3,1,0,0,2,0.08449902830057847,1
1,36,0,0,0,0,1,0,-0.7280346742983594,1
0,37,1,0,0,1,0,2,0.4907658796000474,1
1,36,0,0,0,0,1,0,-0.5926123905318698,1
1,36,1,3,0,0,0,0,0.8970327308995164,1
1,37,1,3,1,1,0,1,0.08449902830057847,1
1,36,1,2,1,0,2,1,0.626188163366537,1
1,6,1,3,0,0,2,2,0.8970327308995164,1
1,37,0,3,0,1,0,0,1.438721865965475,1
1,36,1,0,0,0,1,0,1.438721865965475,1
1,37,1,3,0,1,1,1,0.08449902830057847,1
1,36,1,3,1,0,1,0,0.2199213120670681,1
1,37,1,3,1,0,0,2,-0.9988792418313387,1
1,37,1,3,1,0,0,2,-0.9988792418313387,1
1,34,1,0,0,0,1,2,0.8970327308995164,2
1,36,0,2,0,0,1,0,-0.45719010676538013,1
1,37,1,3,0,0,0,2,0.08449902830057847,1
0,37,1,1,0,1,2,0,0.626188163366537,-1
0,37,1,3,0,0,2,2,0.3553435958335578,1
0,37,1,3,1,0,2,0,-1.4051460931308077,1
1,37,0,0,0,0,0,2,0.7616104471330267,1
0,37,1,1,1,0,2,2,-0.050923255465911185,1
0,37,1,3,0,1,0,0,0.3553435958335578,1
1,37,0,0,0,0,2,2,-0.45719010676538013,1
1,37,1,3,1,0,1,1,-1.269723809364318,1
0,37,1,3,0,0,2,1,-0.5926123905318698,1
0,37,1,3,1,0,0,2,1.032455014666006,1
1,37,0,3,1,0,0,2,1.1678772984324957,1
1,36,0,0,0,0,0,0,-0.45719010676538013,1
1,36,1,3,0,0,1,1,-0.45719010676538013,1
1,37,1,1,0,0,2,1,0.3553435958335578,1
1,37,1,0,0,1,0,1,-0.5926123905318698,1
0,36,0,3,0,1,0,0,0.4907658796000474,-1
0,37,0,3,0,0,2,0,0.8970327308995164,1
1,37,1,3,1,0,0,2,0.8970327308995164,1
1,37,1,3,1,1,2,1,1.5741441497319646,1
1,11,1,1,1,0,1,1,0.3553435958335578,1
0,37,1,3,1,0,2,2,1.032455014666006,1
1,11,1,1,1,0,1,1,0.3553435958335578,1
1,37,0,0,0,1,2,1,0.7616104471330267,1
0,37,0,1,1,0,2,0,2.1158332847979233,-1
1,37,0,0,0,0,1,0,-1.675990660663787,1
1,37,0,3,0,1,2,0,1.032455014666006,1
0,36,1,2,0,0,0,0,-0.45719010676538013,2
1,37,1,3,1,0,1,1,0.3553435958335578,1
1,37,0,3,1,1,0,2,-0.45719010676538013,1
1,37,0,0,0,0,0,2,1.032455014666006,1
1,33,1,2,0,0,1,1,-0.45719010676538013,1
0,37,1,2,1,0,1,2,-0.45719010676538013,1
1,37,1,3,0,0,2,1,0.2199213120670681,1
1,36,1,3,1,0,0,0,1.5741441497319646,1
0,37,1,1,1,0,1,2,-1.1343015255978284,1
1,37,0,2,0,0,1,2,0.4907658796000474,1
1,37,1,3,0,0,0,0,1.438721865965475,1
1,36,0,3,0,1,1,1,0.4907658796000474,1
0,37,1,3,1,0,1,2,-0.18634553923240083,1
1,37,0,3,0,0,0,0,0.3553435958335578,1
1,20,0,3,0,0,2,0,0.626188163366537,1
1,37,1,3,0,0,0,0,0.2199213120670681,1
1,24,1,3,0,0,1,1,0.4907658796000474,1
1,37,1,3,1,1,1,1,1.032455014666006,1
1,37,0,2,0,0,1,2,1.032455014666006,1
1,37,1,3,0,1,0,1,1.3032995821989852,1
1,36,0,0,1,0,0,1,-1.5405683768972973,1
1,6,0,3,0,1,2,1,-0.8634569580648491,1
1,37,0,0,0,1,1,2,2.522100136097392,1
1,36,1,2,1,0,2,1,-0.050923255465911185,1
1,36,1,2,1,0,2,1,-0.050923255465911185,1
1,36,1,2,0,1,1,1,-0.8634569580648491,1
1,37,0,0,0,0,0,0,-1.269723809364318,1
1,37,1,1,1,1,2,1,0.08449902830057847,1
1,37,1,2,0,0,2,2,1.844988717264944,1
1,37,1,3,1,0,0,2,0.3553435958335578,1
1,15,0,3,0,1,1,1,-0.050923255465911185,1
1,37,1,2,0,1,1,2,3.1992115549298403,1
0,36,1,3,1,0,0,0,-0.050923255465911185,1
1,37,1,3,1,1,2,0,-0.3217678229988905,1
0,36,0,0,1,0,2,1,-1.269723809364318,-1
1,37,1,0,0,0,0,2,-0.18634553923240083,1
1,37,1,3,1,0,0,0,-0.45719010676538013,1
1,37,0,0,0,1,1,2,-0.3217678229988905,1
1,37,0,0,0,1,0,2,0.626188163366537,1
1,37,0,0,0,0,1,2,0.4907658796000474,1
1,37,1,3,1,1,0,2,0.3553435958335578,1
1,37,0,0,1,1,0,0,1.1678772984324957,1
1,36,1,2,0,0,1,0,-0.18634553923240083,1
1,37,0,3,1,0,0,2,0.8970327308995164,1
1,37,0,3,1,1,0,2,1.3032995821989852,1
1,37,1,2,1,1,2,1,-0.050923255465911185,1
1,37,0,0,1,0,2,2,-0.3217678229988905,1
1,37,1,1,1,1,0,0,1.032455014666006,1
1,37,0,0,0,0,1,2,0.08449902830057847,1
1,15,1,3,0,1,0,1,0.2199213120670681,1
1,37,0,0,0,1,1,1,2.3866778523309025,1
1,37,0,3,0,1,1,0,-1.1343015255978284,1
1,37,1,2,1,0,2,1,-0.9988792418313387,1
1,36,1,2,1,0,2,1,1.438721865965475,1
0,37,1,1,0,0,0,2,-0.9988792418313387,1
1,37,0,0,0,0,1,1,2.522100136097392,1
1,37,1,3,1,0,2,2,2.251255568564413,1
0,37,1,3,1,0,2,2,-0.9988792418313387,1
1,37,1,2,0,1,0,2,0.4907658796000474,1
1,37,1,0,0,0,0,2,2.1158332847979233,1
1,0,1,3,0,0,2,1,2.1158332847979233,1
1,37,1,2,0,1,0,2,2.7929447036303716,1
0,36,1,1,1,1,1,1,-1.1343015255978284,0
1,37,1,3,1,0,1,0,0.08449902830057847,1
0,6,1,3,1,0,1,2,-0.9988792418313387,1
1,36,1,3,0,0,2,1,-0.3217678229988905,1
1,37,0,0,0,1,0,1,-0.3217678229988905,1
1,36,1,3,0,1,1,1,0.2199213120670681,1
0,37,1,1,1,0,2,0,-1.4051460931308077,1
1,37,0,3,1,0,1,0,-0.5926123905318698,1
1,37,1,2,1,0,0,2,0.3553435958335578,1
1,37,1,3,1,0,0,2,-0.5926123905318698,1
1,25,1,3,0,0,2,1,1.3032995821989852,1
1,37,0,3,0,0,2,2,-0.45719010676538013,1
1,37,0,3,1,0,0,2,1.438721865965475,1
1,37,0,0,1,0,1,0,-0.18634553923240083,1
0,37,1,3,1,0,0,2,0.3553435958335578,1
1,37,0,1,0,0,1,0,0.2199213120670681,1
1,37,1,3,1,0,2,1,0.7616104471330267,1
1,37,1,3,1,0,0,0,-0.8634569580648491,1
1,36,1,2,1,1,0,1,0.7616104471330267,0
1,37,1,1,0,0,2,0,1.3032995821989852,1
1,37,1,2,0,0,0,2,-0.050923255465911185,1
1,37,1,3,1,1,0,2,1.5741441497319646,1
1,37,1,2,1,0,0,2,-0.5926123905318698,1
1,37,1,3,1,1,2,2,1.032455014666006,1
0,37,1,3,1,0,0,2,-0.18634553923240083,1
1,37,0,3,1,0,2,2,-0.050923255465911185,1
1,37,1,3,1,0,0,0,-0.5926123905318698,1
1,37,1,1,1,0,2,2,0.8970327308995164,1
1,37,1,2,0,0,1,2,1.438721865965475,1
1,37,1,3,0,0,0,2,0.3553435958335578,1
1,37,1,3,1,0,0,2,1.032455014666006,1
1,24,1,2,0,0,1,1,0.2199213120670681,1
1,36,1,1,1,0,2,0,-1.1343015255978284,0
1,32,1,3,0,1,2,1,3.8763229737622886,-1
0,37,1,2,1,0,2,0,0.4907658796000474,1
1,15,1,1,1,0,1,0,0.08449902830057847,1
1,37,0,0,1,0,2,0,-0.3217678229988905,1
1,24,1,2,1,1,1,2,0.2199213120670681,1
1,37,1,2,0,0,1,2,-0.8634569580648491,1
1,15,0,3,0,1,1,1,-0.9988792418313387,1
1,15,1,3,0,1,2,0,0.3553435958335578,0
1,36,0,1,1,1,0,0,-1.1343015255978284,-1
1,36,1,1,0,0,2,2,3.0637892711633508,-1
1,36,1,3,1,1,2,1,0.08449902830057847,1
0,36,1,3,1,1,0,1,-0.8634569580648491,0
1,36,0,0,0,1,1,0,-0.9988792418313387,1
1,36,0,2,1,0,0,0,1.7095664334984544,1
0,36,1,3,0,1,1,1,0.08449902830057847,1
1,37,0,3,0,1,2,1,1.438721865965475,1
1,36,1,3,0,0,2,1,-0.3217678229988905,1
1,37,1,2,1,0,1,0,1.032455014666006,1
1,37,0,0,1,0,1,2,2.251255568564413,1
1,2,0,0,0,0,0,2,-0.8634569580648491,1
1,36,1,1,1,0,0,1,-0.5926123905318698,1
1,37,1,3,1,1,0,1,1.032455014666006,1
0,6,1,2,1,1,2,1,0.626188163366537,-1
0,36,1,1,1,1,2,2,0.2199213120670681,0
1,37,1,1,1,0,0,0,-0.5926123905318698,1
1,6,0,0,0,0,1,2,-0.7280346742983594,1
1,36,1,3,0,1,1,1,-0.45719010676538013,1
0,36,0,2,1,1,2,0,0.8970327308995164,-1
1,36,0,1,0,0,2,1,-0.5926123905318698,1
1,37,0,3,1,0,1,2,-1.269723809364318,1
0,37,1,3,1,0,1,2,-0.3217678229988905,1
1,17,1,3,0,0,2,0,-1.675990660663787,1
1,36,0,3,0,0,1,0,0.3553435958335578,1
1,37,1,2,0,1,0,2,0.8970327308995164,1
0,37,0,0,1,0,2,2,-0.18634553923240083,1
1,36,0,2,0,0,2,1,-0.050923255465911185,1
1,37,1,1,1,1,1,2,-0.9988792418313387,1
1,37,1,3,1,1,0,0,1.3032995821989852,1
1,37,1,1,1,0,1,2,0.2199213120670681,1
0,37,1,3,0,1,0,0,-0.8634569580648491,1
1,36,1,3,1,0,2,1,0.3553435958335578,1
1,36,0,0,0,0,0,0,0.2199213120670681,1
1,37,1,3,1,1,1,2,0.7616104471330267,1
1,37,0,3,0,0,2,0,0.2199213120670681,1
1,37,1,3,1,1,1,1,0.8970327308995164,1
0,37,0,0,0,1,0,1,0.08449902830057847,2
0,37,0,3,1,0,2,2,-1.1343015255978284,1
0,37,0,3,1,1,1,0,0.7616104471330267,2
1,37,0,3,0,0,2,2,-0.18634553923240083,1
0,37,1,1,0,0,2,2,1.844988717264944,1
1,37,1,3,1,1,0,2,-0.3217678229988905,1
1,37,0,2,0,1,2,0,-0.9988792418313387,1
1,6,0,0,0,1,1,0,-1.8114129444302767,1
0,37,1,3,1,0,0,2,-0.3217678229988905,1
1,37,0,0,0,0,1,2,-0.050923255465911185,1
1,37,0,3,1,1,0,0,0.626188163366537,1
1,37,1,3,1,1,0,0,1.3032995821989852,1
0,37,0,0,0,0,0,2,-0.9988792418313387,1
1,37,0,3,0,0,1,0,-1.8114129444302767,1
0,37,0,0,1,1,2,2,1.032455014666006,-1
1,37,1,2,1,0,1,0,-0.18634553923240083,1
1,37,0,3,1,1,2,2,1.032455014666006,1
0,37,1,1,1,0,2,1,-0.18634553923240083,1
1,37,0,0,0,0,2,0,0.4907658796000474,1
1,6,0,3,1,1,0,1,0.3553435958335578,-1
1,0,1,3,1,1,1,1,-0.8634569580648491,1
0,37,0,3,0,0,1,1,0.2199213120670681,0
0,37,1,3,1,1,2,0,-0.5926123905318698,1
1,37,1,3,1,1,2,2,1.032455014666006,1
1,37,1,3,0,0,0,2,-0.8634569580648491,1
0,36,1,1,0,0,0,2,-0.45719010676538013,2
0,6,1,3,1,0,0,2,-0.8634569580648491,1
1,20,1,3,1,0,1,1,0.08449902830057847,1
1,4,0,3,1,0,1,1,-0.5926123905318698,-1
1,37,1,1,0,1,1,1,1.1678772984324957,1
1,36,1,3,1,1,1,1,0.8970327308995164,1
0,37,1,3,1,0,1,2,-0.8634569580648491,1
0,37,0,3,1,0,2,1,-1.269723809364318,2
1,34,1,1,1,0,1,0,0.3553435958335578,2
1,37,0,0,0,1,1,0,0.4907658796000474,1
1,37,0,2,0,0,0,0,1.3032995821989852,1
1,37,1,3,1,0,1,2,0.8970327308995164,1
1,37,0,0,0,0,0,0,-0.7280346742983594,1
1,37,0,0,0,1,0,0,0.08449902830057847,1
1,6,1,1,1,0,0,2,-0.18634553923240083,1
0,37,1,2,0,0,1,2,-0.5926123905318698,1
0,37,1,1,0,1,1,2,-0.45719010676538013,1
1,37,1,3,0,0,0,0,-0.7280346742983594,1
1,37,0,0,0,1,1,0,1.5741441497319646,1
1,37,1,1,0,1,0,0,-0.9988792418313387,1
1,15,1,3,1,0,0,1,-1.1343015255978284,1
1,32,1,1,1,0,1,0,-0.9988792418313387,1
1,37,0,0,0,1,0,2,0.2199213120670681,1
1,37,0,0,0,0,0,2,-0.8634569580648491,1
1,37,0,0,0,0,0,2,2.1158332847979233,1
0,37,1,3,0,1,0,1,0.8970327308995164,1
1,37,0,3,0,1,0,2,1.438721865965475,1
1,37,0,2,0,0,0,2,1.1678772984324957,1
1,37,0,0,0,0,1,0,-0.9988792418313387,1
1,37,1,3,0,0,0,2,-0.18634553923240083,1
1,37,1,3,1,0,2,2,1.032455014666006,1
1,37,1,3,1,1,0,2,1.438721865965475,1
0,37,1,1,1,0,0,2,-0.7280346742983594,1
0,37,1,3,1,1,2,2,0.626188163366537,1
1,24,1,3,0,0,0,1,-0.050923255465911185,1
1,37,1,1,1,0,0,1,-0.9988792418313387,1
1,24,1,1,1,0,1,0,-0.45719010676538013,0
0,37,1,1,1,0,2,2,-0.3217678229988905,1
0,6,1,1,1,0,1,0,0.2199213120670681,-1
1,36,1,3,1,0,0,2,-0.050923255465911185,1
1,15,1,3,0,0,1,0,1.1678772984324957,1
1,37,0,0,1,0,2,2,0.7616104471330267,1
1,37,1,3,0,0,1,2,-0.050923255465911185,1
0,37,1,3,1,0,0,2,-0.5926123905318698,1
1,37,0,0,1,0,0,2,1.438721865965475,1
1,37,1,1,1,0,2,1,-0.050923255465911185,1
1,37,1,3,0,0,2,2,-0.9988792418313387,1
1,37,1,3,0,0,1,2,0.626188163366537,1
1,37,1,3,0,0,1,1,0.4907658796000474,1
1,37,1,2,1,1,1,0,-1.1343015255978284,1
1,37,1,3,1,0,0,2,1.032455014666006,1
1,37,0,0,0,0,1,0,1.438721865965475,1
1,37,0,3,1,0,0,0,-0.8634569580648491,1
0,6,1,1,1,1,2,1,0.08449902830057847,0
0,37,0,3,1,1,1,0,0.3553435958335578,2
1,37,0,0,0,1,2,2,1.7095664334984544,1
1,37,1,2,0,1,0,1,-0.9988792418313387,1
1,13,1,3,0,1,0,1,2.3866778523309025,1
1,0,1,2,1,0,1,1,-0.8634569580648491,0
0,37,1,1,0,0,2,2,0.08449902830057847,1
1,17,0,1,0,0,0,1,-0.3217678229988905,0
1,9,1,3,1,1,1,2,0.08449902830057847,1
1,13,1,1,0,0,0,2,-0.45719010676538013,2
1,37,1,3,1,1,1,0,-0.9988792418313387,1
1,6,0,3,0,0,0,2,-1.1343015255978284,1
1,36,1,0,0,0,0,0,1.032455014666006,1
1,37,1,3,1,0,2,0,1.844988717264944,1
1,37,1,2,1,0,2,2,0.7616104471330267,1
1,37,0,0,0,1,2,1,0.2199213120670681,1
1,36,1,2,0,0,1,1,-0.050923255465911185,1
1,36,1,3,0,0,0,1,1.5741441497319646,1
0,36,1,0,0,0,0,0,0.08449902830057847,2
0,37,1,2,0,0,1,0,1.7095664334984544,2
1,15,1,1,1,0,0,1,-0.8634569580648491,1
0,37,1,3,0,1,1,0,-1.675990660663787,1
1,24,0,3,1,0,0,1,0.626188163366537,0
0,37,1,3,1,0,2,2,1.3032995821989852,1
0,37,1,2,1,1,0,2,0.4907658796000474,1
1,25,0,2,0,0,2,1,-0.7280346742983594,1
1,25,0,2,0,0,2,1,-0.7280346742983594,1
1,36,1,3,0,0,0,1,-0.7280346742983594,1
1,36,1,3,1,1,1,1,-0.9988792418313387,1
1,15,1,3,1,0,0,0,-1.269723809364318,1
1,36,1,3,0,0,0,0,-1.5405683768972973,1
1,23,1,1,0,0,1,1,-0.8634569580648491,0
1,33,0,2,0,0,0,0,-0.45719010676538013,1
1,2,0,3,0,0,2,1,-0.5926123905318698,1
1,19,0,0,0,0,1,1,-1.269723809364318,1
0,37,0,3,1,1,0,0,-0.8634569580648491,1
1,36,1,3,1,0,1,1,0.7616104471330267,1
1,36,1,3,1,0,0,1,0.8970327308995164,1
1,37,1,1,1,0,2,2,0.3553435958335578,1
1,37,0,2,0,0,0,2,-0.050923255465911185,1
1,37,1,3,0,0,0,2,-0.050923255465911185,1
1,36,0,0,0,0,2,1,-0.8634569580648491,1
1,6,1,2,1,0,1,0,0.7616104471330267,-1
0,36,0,2,1,0,1,2,0.2199213120670681,-1
1,37,1,1,1,0,2,0,0.8970327308995164,1
1,6,0,0,0,1,1,0,-0.050923255465911185,1
1,24,0,0,0,1,2,0,0.626188163366537,2
1,36,1,0,1,0,1,0,-0.18634553923240083,1
1,37,1,2,1,0,1,1,-0.3217678229988905,1
1,30,0,0,0,1,2,0,2.522100136097392,0
1,37,1,3,0,0,2,2,-0.45719010676538013,1
1,36,0,0,0,0,0,2,-0.18634553923240083,1
1,37,1,3,1,1,0,0,-0.8634569580648491,1
0,37,1,1,0,1,0,2,1.844988717264944,1
1,37,0,3,1,0,0,2,-0.050923255465911185,1
1,37,1,3,1,0,0,2,-0.45719010676538013,1
1,27,0,0,0,1,0,0,0.2199213120670681,2
1,8,0,1,0,0,2,1,-0.8634569580648491,2
0,37,1,3,0,0,0,2,-0.050923255465911185,1
0,37,1,3,1,0,1,2,1.032455014666006,1
1,36,1,3,0,0,0,1,-1.269723809364318,1
1,14,0,2,0,0,2,1,-1.675990660663787,1
0,37,1,2,1,0,0,2,-0.8634569580648491,1
1,37,0,0,0,0,1,1,-0.45719010676538013,1
1,7,0,3,0,1,1,1,1.032455014666006,1
0,5,1,3,0,1,0,1,-0.9988792418313387,0
1,37,1,3,1,0,0,2,0.7616104471330267,1
0,37,1,0,1,1,0,2,5.365968095193675,1
0,37,1,3,1,1,0,1,0.3553435958335578,1
0,37,1,1,0,0,2,1,-0.5926123905318698,1
0,37,0,0,0,0,1,0,-0.7280346742983594,1
0,37,0,2,0,1,0,0,3.1992115549298403,-1
1,37,1,3,1,1,0,2,0.7616104471330267,1
1,37,1,3,1,0,0,2,1.032455014666006,1
1,37,1,3,1,0,0,2,1.5741441497319646,1
1,6,0,3,1,0,0,2,0.2199213120670681,1
1,36,0,0,0,1,1,0,0.626188163366537,1
1,20,0,0,0,0,1,0,0.7616104471330267,1
0,18,1,3,0,0,2,2,0.2199213120670681,2
0,18,0,2,0,0,0,0,0.3553435958335578,-1
1,18,1,1,0,0,2,1,0.2199213120670681,1
1,37,1,1,0,1,2,2,-0.050923255465911185,1
1,0,1,1,0,1,2,1,-0.5926123905318698,0
0,37,1,2,0,0,2,2,-0.5926123905318698,1
1,18,1,0,1,1,0,1,0.2199213120670681,-1
1,18,1,3,0,0,1,1,-0.050923255465911185,1
1,36,0,1,1,1,0,0,0.2199213120670681,-1
1,37,1,3,0,0,0,1,-1.269723809364318,1
1,10,0,1,1,0,1,1,0.08449902830057847,-1
1,30,1,3,1,0,0,0,-0.45719010676538013,1
1,18,0,0,0,1,2,0,1.7095664334984544,2
0,36,1,3,0,0,0,1,0.2199213120670681,1
1,26,0,3,0,0,2,0,-0.18634553923240083,1
1,37,1,1,0,1,0,2,0.08449902830057847,1
1,36,0,2,0,1,1,0,-0.7280346742983594,1
1,18,0,0,0,0,2,1,1.3032995821989852,1
1,37,1,3,0,1,1,2,0.7616104471330267,1
1,37,1,1,1,0,0,0,1.844988717264944,1
1,37,1,3,1,1,1,0,1.844988717264944,1
0,24,1,2,0,1,1,0,1.1678772984324957,-1
1,36,0,0,0,0,0,0,-1.269723809364318,1
1,18,1,3,1,0,0,2,-1.1343015255978284,1
0,18,1,2,0,0,1,1,-1.269723809364318,-1
0,18,0,0,1,0,0,2,-0.050923255465911185,-1
1,37,1,3,1,0,2,0,-0.9988792418313387,1
0,36,1,3,1,0,1,1,-1.269723809364318,2
1,36,1,3,1,0,1,2,-0.9988792418313387,1
1,36,1,2,0,0,1,1,-1.269723809364318,1
1,6,1,1,0,0,0,2,-1.269723809364318,1
1,37,1,1,0,1,0,0,3.740900689995799,1
1,18,0,3,0,0,2,1,-0.5926123905318698,1
1,37,1,1,1,0,2,2,-0.5926123905318698,1
1,24,0,3,0,0,0,0,-0.3217678229988905,1
1,15,1,3,1,0,1,0,-0.18634553923240083,1
1,27,1,1,0,1,0,1,-0.18634553923240083,0
1,18,1,2,0,0,0,0,-0.5926123905318698,0
0,37,1,2,1,1,1,2,1.438721865965475,1
1,0,1,1,1,0,0,2,-1.4051460931308077,1
1,37,0,0,0,0,1,2,-0.050923255465911185,1
1,12,1,1,0,0,2,1,0.4907658796000474,1
0,37,1,3,1,0,2,2,1.1678772984324957,1
1,37,1,3,1,0,1,2,-0.3217678229988905,1
1,37,1,1,1,0,1,2,-0.3217678229988905,1
1,32,1,1,1,0,1,1,0.4907658796000474,1
1,37,1,3,1,1,2,2,-0.45719010676538013,1
1,37,0,2,1,0,0,0,0.4907658796000474,1
1,37,1,1,1,1,1,2,-0.050923255465911185,1
1,37,1,3,1,0,2,2,0.2199213120670681,1
1,37,1,3,1,0,0,2,-0.9988792418313387,1
