date,volume,sentiment,SCORE,COMMENTS
2025-07-14,145.0,-0.16128482758620688,12.682758620689656,8.296551724137931
2025-07-21,145.0,-0.15935896551724138,13.493103448275862,7.906896551724138
2025-07-28,145.0,-0.15743310344827585,14.303448275862069,7.517241379310345
2025-08-04,121.0,0.007055747126436807,12.086206896551724,6.597701149425288
2025-08-11,97.0,0.17154459770114946,9.868965517241378,5.67816091954023
2025-08-18,73.0,0.3360334482758621,7.6517241379310335,4.758620689655173
2025-08-25,49.0,0.5005222988505748,5.434482758620689,3.839080459770115
2025-09-01,25.0,0.6650111494252874,3.2172413793103445,2.9195402298850572
2025-09-08,1.0,0.8295,1.0,2.0
2025-09-15,152.0,-0.17925855263157894,25.80263157894737,8.144736842105264
2025-09-22,279.0,-0.1782200716845878,11.114695340501791,5.580645161290323
2025-09-29,146.0,-0.21322945205479452,13.575342465753424,9.993150684931507
2025-10-06,146.0,-0.3710541095890411,24.232876712328768,8.020547945205479
2025-10-13,146.0,-0.17539383561643837,13.842465753424657,9.575342465753424
2025-10-20,170.0,-0.23826470588235296,30.25294117647059,11.447058823529412
2025-10-27,146.0,-0.22148493150684928,24.506849315068493,10.17123287671233
2025-11-03,147.0,-0.2750578231292517,9.80952380952381,5.789115646258503
2025-11-10,146.0,-0.3177568493150685,13.794520547945206,7.267123287671233
2025-11-17,147.0,-0.319034693877551,13.625850340136054,6.523809523809524
2025-11-24,146.0,-0.18239931506849313,10.287671232876713,5.506849315068493
2025-12-01,146.0,-0.20222260273972603,8.924657534246576,4.575342465753424
2025-12-08,146.0,-0.20868082191780823,13.136986301369863,5.780821917808219
2025-12-15,146.0,-0.18944589041095888,11.520547945205479,5.315068493150685
2025-12-22,147.0,-0.25150272108843535,12.591836734693878,9.816326530612244
2025-12-29,146.0,-0.38670753424657534,13.212328767123287,6.582191780821918
